{"noiseKey":{"private":{"type":"Buffer","data":"iHrbBbXhTf17Rve9G+FlXQWoTb18h8iaQrAHeGOHj3I="},"public":{"type":"Buffer","data":"+IWpAzeIcdxZOopCe71cnoUrYyI4gXgD1hBgbG9TD3g="}},"pairingEphemeralKeyPair":{"private":{"type":"Buffer","data":"UCsrtXvfuwdfifq6apcrXP6DpMkocM0HFhMgPjGRu2w="},"public":{"type":"Buffer","data":"4yfhjbRi6ItMiaAfLKMAvAkgN7an/p8ujrIMdS1GXEQ="}},"signedIdentityKey":{"private":{"type":"Buffer","data":"6CwHOyf8rypelwC0LSQ4RAe7xsaDpTrjD+Nn5M40xF0="},"public":{"type":"Buffer","data":"iVFv2kpJfvAJFzz9SCWETfMFBPtnboIprhjpYCyUJxE="}},"signedPreKey":{"keyPair":{"private":{"type":"Buffer","data":"0C7UWUgydftd0V4aOMIC2Tzk7QoIy51C3Dv02WLdOFQ="},"public":{"type":"Buffer","data":"TjUAYGZ1oshbEoKCIDpBdhWQaKnd/e2y4SjBffJUvw8="}},"signature":{"type":"Buffer","data":"AjLC4Ff7tNnZ9fzDAhnsj1QUTHJo/2pYw+TdvsrBJVGf1N780vOi87fE1urQSmEUYcLGRVU2ROUNAahZoNslgg=="},"keyId":1},"registrationId":151,"advSecretKey":"C2i8L1ENfdWPLXINnyzaKf9LXG9TsU0aLBQi6FaSvCU=","processedHistoryMessages":[{"key":{"remoteJid":"22650058337@s.whatsapp.net","fromMe":true,"id":"C83BB07069495E8AE4886D847D08A988"},"messageTimestamp":1735732789},{"key":{"remoteJid":"22650058337@s.whatsapp.net","fromMe":true,"id":"B9DEDC01F041131C2EBC912D1B5F6833"},"messageTimestamp":1735732790}],"nextPreKeyId":61,"firstUnuploadedPreKeyId":61,"accountSyncCounter":1,"accountSettings":{"unarchiveChats":false},"deviceId":"M_LwjNPeRNyCnJCc3Hc4jA","phoneId":"7304a2ce-d62d-42b1-8d3c-7e8f161a2f0d","identityId":{"type":"Buffer","data":"PdabhufrHpEwJoLTZMf08aD0RNU="},"registered":true,"backupToken":{"type":"Buffer","data":"n292EBA7jP7k7CQEhdJ5U1eaAC0="},"registration":{},"pairingCode":"C8B38LPP","me":{"id":"22650058337:6@s.whatsapp.net","name":"fp😎"},"account":{"details":"CKiVsb4GEKPc1LsGGAEgACgA","accountSignatureKey":"ivVwFgEhKF2F6Xdf828COi1HAof29t05nhFmMJcsjzA=","accountSignature":"ZRUBp9oIrQa4t+5yg/mFOm90XxfK0atKvCyZ3ufcXZT8P/RE1HYrGAE6p8zBOEg1xUwbLMUJWGVo7kRGqpbkBg==","deviceSignature":"eFDIkAPLrji4q9OYMjKvvNz47gcNICn453Y1lZo8bSXf035tZ6iGiCWvRNnjz+e+jVdPFyBruUw1PIhE6I/8gQ=="},"signalIdentities":[{"identifier":{"name":"22650058337:6@s.whatsapp.net","deviceId":0},"identifierKey":{"type":"Buffer","data":"BYr1cBYBIShdhel3X/NvAjotRwKH9vbdOZ4RZjCXLI8w"}}],"platform":"android","lastAccountSyncTimestamp":1735732786,"myAppStateKeyId":"AAAAAEmH"}
