{
".menu":"https://github.com/kingmalvn/KING-DATA/blob/main/autovoice/menu.mp3?raw=true",
".list":"https://github.com/kingmalvn/KING-DATA/blob/main/autovoice/sigma.mp3?raw=true",
".alive":"https://github.com/kingmalvn/KING-DATA/blob/main/autovoice/alive.mp3?raw=true",
"hi":"https://github.com/kingmalvn/KING-DATA/blob/main/autovoice/hi.mp3?raw=true",
"hello":"https://github.com/kingmalvn/KING-DATA/blob/main/autovoice/hello.mp3?raw=true",
"good morning":"https://github.com/kingmalvn/KING-DATA/blob/main/autovoice/gm.mp3?raw=true",
"haha":"https://github.com/kingmalvn/KING-DATA/blob/main/autovoice/haha.mp3?raw=true",
"bye":"https://github.com/kingmalvn/KING-DATA/blob/main/autovoice/bye.mp3?raw=true",
"i love you":"https://github.com/kingmalvn/KING-DATA/blob/main/autovoice/love.mp3?raw=true",
".repo":"https://github.com/kingmalvn/KING-DATA/blob/main/autovoice/repo.mp3?raw=true",
".sc":"https://github.com/kingmalvn/KING-DATA/blob/main/autovoice/repo.mp3?raw=true",
"thanks":"https://github.com/kingmalvn/KING-DATA/blob/main/autovoice/thanks.mp3?raw=true",
"sigma":"https://github.com/kingmalvn/KING-DATA/blob/main/autovoice/sigma.mp3?raw=true",
"malvin":"https://github.com/kingmalvn/KING-DATA/blob/main/autovoice/sigma.mp3?raw=true",  
".owner":"https://github.com/kingmalvn/KING-DATA/blob/main/autovoice/contact.mp3?raw=true",
".live":"https://github.com/kingmalvn/KING-DATA/blob/main/autovoice/alive2.mp3?raw=true",
".menu2":"https://github.com/kingmalvn/KING-DATA/blob/main/autovoice/menux.mp3?raw=true",
".menu3":"https://github.com/kingmalvn/KING-DATA/blob/main/autovoice/menu3.mp3?raw=true"
}
