{
"hi":"*Hello! I am malvin xd a WhatsApp bot nice to see you* ❤️",
"hello":"Hello gee am gud n you",
"malvin":"hello my onwer malvin is busy at the.moment",
"Gn":"GOOD NIGHT☺️",
"Gm":"GOOD MORNING",
"ok":"Hmm😊",
"wadi":"bho here am malvin's assistant please get to the point. as my owner does not reply to fruitless messages",
"Mm":"Hmm ",
"Hm":"☺️",
"Good Mornnig":"GOOD MORNING☺️",
"hello babe":"hello my dear how was your day today☺️",
"gud and you":"mine was great",
"I love you":"oh sorry i think that sms is for my owner i notify him when he's back online",
"how":"oh so😊👀👋⚙️🪀🤙"
}
